<?xml version="1.0" encoding="UTF-8"?><rss version="2.0"
	xmlns:content="http://purl.org/rss/1.0/modules/content/"
	xmlns:wfw="http://wellformedweb.org/CommentAPI/"
	xmlns:dc="http://purl.org/dc/elements/1.1/"
	xmlns:atom="http://www.w3.org/2005/Atom"
	xmlns:sy="http://purl.org/rss/1.0/modules/syndication/"
	xmlns:slash="http://purl.org/rss/1.0/modules/slash/"
	>

<channel>
	<title>Informal Essays (随笔) &#8211; Eternal Center</title>
	<atom:link href="./index.html" rel="self" type="application/rss+xml" />
	<link>./../../../../index.html</link>
	<description></description>
	<lastBuildDate>Sat, 09 Jul 2022 16:10:53 +0000</lastBuildDate>
	<language>en-US</language>
	<sy:updatePeriod>
	hourly	</sy:updatePeriod>
	<sy:updateFrequency>
	1	</sy:updateFrequency>
	
	<item>
		<title>随笔 18</title>
		<link>./../../../../informal-18/index.html</link>
		
		<dc:creator><![CDATA[Mingyu Zhu]]></dc:creator>
		<pubDate>Sat, 09 Jul 2022 15:49:34 +0000</pubDate>
				<category><![CDATA[Chinese (中文)]]></category>
		<category><![CDATA[Creations (创作)]]></category>
		<category><![CDATA[Informal Essays (随笔)]]></category>
		<category><![CDATA[Summary Essays (总结类随笔)]]></category>
		<guid isPermaLink="false">./../../../../index.html?p=26550</guid>

					<description><![CDATA[人们会在迷路彷徨的时候，时不时地看一下自己模糊的影子，世界总是残酷多变，视线所及之处也总是迷雾重重 但就算这个世界是胜者为王，也不会只剩精明算计和希望不再的人，梦想、勇气、羁绊的魔法在不同的空间和时间闪烁着，忠于自己的人们依旧在试图为人类创造奇迹 在生命曲折幽深小径的尽头，会是闪耀着怎样光芒的海市蜃楼，肉体必定腐烂消失，灵魂却在渴望永恒]]></description>
										<content:encoded><![CDATA[
<p>人们会在迷路彷徨的时候，时不时地看一下自己模糊的影子，世界总是残酷多变，视线所及之处也总是迷雾重重</p>



<p>但就算这个世界是胜者为王，也不会只剩精明算计和希望不再的人，梦想、勇气、羁绊的魔法在不同的空间和时间闪烁着，忠于自己的人们依旧在试图为人类创造奇迹</p>



<p>在生命曲折幽深小径的尽头，会是闪耀着怎样光芒的海市蜃楼，肉体必定腐烂消失，灵魂却在渴望永恒</p>
]]></content:encoded>
					
		
		
			</item>
		<item>
		<title>随笔 17</title>
		<link>./../../../../informal-17/index.html</link>
		
		<dc:creator><![CDATA[Mingyu Zhu]]></dc:creator>
		<pubDate>Tue, 28 Jun 2022 15:37:17 +0000</pubDate>
				<category><![CDATA[Chinese (中文)]]></category>
		<category><![CDATA[Creations (创作)]]></category>
		<category><![CDATA[Emotional Essays (感情类随笔)]]></category>
		<category><![CDATA[Informal Essays (随笔)]]></category>
		<guid isPermaLink="false">./../../../../index.html?p=26228</guid>

					<description><![CDATA[如果，这个世界上有 “圣女贞德” 在祈求 “自由、平等、博爱”，那我肯定会去追随。如果这个世界上没有，那我会去成为 “亚瑟王”，亲自为这个世界独自立起 “自由、平等、博爱” 的旗帜。很多时候，就和 《美国队长 2》 里的台词一样：“就算只有我一个人也没有关系，但我相信绝对不会只有我一个”]]></description>
										<content:encoded><![CDATA[
<p>如果，这个世界上有 “圣女贞德” 在祈求 “自由、平等、博爱”，那我肯定会去追随。如果这个世界上没有，那我会去成为 “亚瑟王”，亲自为这个世界独自立起 “自由、平等、博爱” 的旗帜。很多时候，就和 《美国队长 2》 里的台词一样：“就算只有我一个人也没有关系，但我相信绝对不会只有我一个”</p>
]]></content:encoded>
					
		
		
			</item>
		<item>
		<title>随笔 16</title>
		<link>./../../../../informal-16/index.html</link>
		
		<dc:creator><![CDATA[Mingyu Zhu]]></dc:creator>
		<pubDate>Sun, 05 Jun 2022 16:39:02 +0000</pubDate>
				<category><![CDATA[Chinese (中文)]]></category>
		<category><![CDATA[Creations (创作)]]></category>
		<category><![CDATA[Emotional Essays (感情类随笔)]]></category>
		<category><![CDATA[Informal Essays (随笔)]]></category>
		<guid isPermaLink="false">./../../../../index.html?p=23698</guid>

					<description><![CDATA[这片天空，这份宁静，这个时代。总有些什么值得去坚持，总有些什么需要马上杜绝。感觉自己在守望的，是时间和空间：在大洋的彼岸，法国启蒙运动的自由、平等、博爱闪耀在新大陆，而顺着丝绸之路一直西望到尽头，是曾经的欧洲民族，在德国三十年战争中融合交融。培根在平静之中学会了洞察，又在洞察之中学会了思索。而甘地在暴力之中学会了平静，又在平静之中学会了成功]]></description>
										<content:encoded><![CDATA[
<p>这片天空，这份宁静，这个时代。总有些什么值得去坚持，总有些什么需要马上杜绝。感觉自己在守望的，是时间和空间：在大洋的彼岸，法国启蒙运动的自由、平等、博爱闪耀在新大陆，而顺着丝绸之路一直西望到尽头，是曾经的欧洲民族，在德国三十年战争中融合交融。培根在平静之中学会了洞察，又在洞察之中学会了思索。而甘地在暴力之中学会了平静，又在平静之中学会了成功</p>
]]></content:encoded>
					
		
		
			</item>
		<item>
		<title>随笔 15</title>
		<link>./../../../../informal-15/index.html</link>
		
		<dc:creator><![CDATA[Mingyu Zhu]]></dc:creator>
		<pubDate>Sun, 29 Aug 2021 10:21:45 +0000</pubDate>
				<category><![CDATA[Chinese (中文)]]></category>
		<category><![CDATA[Creations (创作)]]></category>
		<category><![CDATA[Informal Essays (随笔)]]></category>
		<category><![CDATA[Summary Essays (总结类随笔)]]></category>
		<guid isPermaLink="false">./../../../../index.html?p=17598</guid>

					<description><![CDATA[什么样的触动和沉寂，会让人们因为生活在这个时代而感到幸运？什么样的微笑和眼神，会让人们坚定化解相互仇视的决心？ 死板的思维会因包容非我族类的异己而变得梦幻多彩死寂的社会会因无数不同的团队怀揣相同的梦想而充满奇迹 开启黄金时代的钥匙，从来都在每个人自己的手中如果，勇气将是深思熟虑后的选择，而不是会后怕的一时逞能或法律的强迫如果，智慧将是为了个体与集体的共同受益，而不是为了个体先破坏集体，再因集体的被破坏牵连个体如果，会带着勇气和智慧在自己有限的人生中去自我成就，并能享受和沉寂在这份自我成就中]]></description>
										<content:encoded><![CDATA[
<p>什么样的触动和沉寂，会让人们因为生活在这个时代而感到幸运？<br>什么样的微笑和眼神，会让人们坚定化解相互仇视的决心？</p>



<p>死板的思维会因包容非我族类的异己而变得梦幻多彩<br>死寂的社会会因无数不同的团队怀揣相同的梦想而充满奇迹</p>



<p>开启黄金时代的钥匙，从来都在每个人自己的手中<br>如果，勇气将是深思熟虑后的选择，而不是会后怕的一时逞能或法律的强迫<br>如果，智慧将是为了个体与集体的共同受益，而不是为了个体先破坏集体，再因集体的被破坏牵连个体<br>如果，会带着勇气和智慧在自己有限的人生中去自我成就，并能享受和沉寂在这份自我成就中</p>
]]></content:encoded>
					
		
		
			</item>
		<item>
		<title>随笔 14</title>
		<link>./../../../../informal-14/index.html</link>
		
		<dc:creator><![CDATA[Mingyu Zhu]]></dc:creator>
		<pubDate>Fri, 28 May 2021 07:01:54 +0000</pubDate>
				<category><![CDATA[Chinese (中文)]]></category>
		<category><![CDATA[Creations (创作)]]></category>
		<category><![CDATA[Informal Essays (随笔)]]></category>
		<category><![CDATA[Summary Essays (总结类随笔)]]></category>
		<guid isPermaLink="false">./../../../../index.html?p=14443</guid>

					<description><![CDATA[每个人都是在没有意识的情况下被动降临到这个世界 在动漫《EVA》中有一句类似这样的台词：出生是死亡的开始……当辩证学之父柏拉图在被判死刑喝下毒药等待死亡的时候，并没能和身边的人讨论出：人死后是否有灵魂 每个人的母亲为他（她）带来了一次生命一次生命换来了一次人生我们是否应该想一想，自己的人生应该有怎样的价值？ 雨果完成世界名著《悲惨世界》用了三十年时间贝多芬一直沉浸在自己音乐的幻象中拿破仑也许是在想穷尽自己的一生以治愈大革命给法国带来的创伤 他们最初都是一些最普通的人，但都是在为了自己觉得有意义的事情在一直努力，每个人在人类的历史留下的痕迹有大有小，但只要是一直朝着自己觉得有意义的方向前进，人生就算是有价值，至少我是这样认为的]]></description>
										<content:encoded><![CDATA[
<p>每个人都是在没有意识的情况下被动降临到这个世界</p>



<p>在动漫《EVA》中有一句类似这样的台词：出生是死亡的开始……<br>当辩证学之父柏拉图在被判死刑喝下毒药等待死亡的时候，并没能和身边的人讨论出：人死后是否有灵魂</p>



<p>每个人的母亲为他（她）带来了一次生命<br>一次生命换来了一次人生<br>我们是否应该想一想，自己的人生应该有怎样的价值？</p>



<p>雨果完成世界名著《悲惨世界》用了三十年时间<br>贝多芬一直沉浸在自己音乐的幻象中<br>拿破仑也许是在想穷尽自己的一生以治愈大革命给法国带来的创伤</p>



<p>他们最初都是一些最普通的人，但都是在为了自己觉得有意义的事情在一直努力，每个人在人类的历史留下的痕迹有大有小，但只要是一直朝着自己觉得有意义的方向前进，人生就算是有价值，至少我是这样认为的</p>
]]></content:encoded>
					
		
		
			</item>
		<item>
		<title>随笔 13</title>
		<link>./../../../../informal-13/index.html</link>
		
		<dc:creator><![CDATA[Mingyu Zhu]]></dc:creator>
		<pubDate>Thu, 27 May 2021 13:55:15 +0000</pubDate>
				<category><![CDATA[Chinese (中文)]]></category>
		<category><![CDATA[Creations (创作)]]></category>
		<category><![CDATA[Historical Essays (历史类随笔)]]></category>
		<category><![CDATA[Informal Essays (随笔)]]></category>
		<category><![CDATA[Summary Essays (总结类随笔)]]></category>
		<guid isPermaLink="false">./../../../../index.html?p=14435</guid>

					<description><![CDATA[我从历史中，比较有感触的一点是：人类明知道自己的结局终是死亡，但是依旧能对很多事物和事情，充满难以想象的热情、喜悦和执着。于是，我理解，生命的本质，就是尽量开心和充实地过好每一天，并最终将它们汇聚成某些能够指引后世的成就。祝大家心中，都有认为值得自己去劳动的人和事！]]></description>
										<content:encoded><![CDATA[
<p>我从历史中，比较有感触的一点是：人类明知道自己的结局终是死亡，但是依旧能对很多事物和事情，充满难以想象的热情、喜悦和执着。于是，我理解，生命的本质，就是尽量开心和充实地过好每一天，并最终将它们汇聚成某些能够指引后世的成就。祝大家心中，都有认为值得自己去劳动的人和事！</p>
]]></content:encoded>
					
		
		
			</item>
		<item>
		<title>随笔 12</title>
		<link>./../../../../informal-12/index.html</link>
		
		<dc:creator><![CDATA[Mingyu Zhu]]></dc:creator>
		<pubDate>Thu, 27 May 2021 13:52:56 +0000</pubDate>
				<category><![CDATA[Chinese (中文)]]></category>
		<category><![CDATA[Creations (创作)]]></category>
		<category><![CDATA[Historical Essays (历史类随笔)]]></category>
		<category><![CDATA[Informal Essays (随笔)]]></category>
		<guid isPermaLink="false">./../../../../index.html?p=14433</guid>

					<description><![CDATA[热爱过去，憧憬未来那些因极具逻辑说服力的思想而使人们信仰高尚品质的时代那些因奇迹般的科技而让世人们对未来充满无限期待和崇拜的时代都将让未来的时代，更像是会无限可能]]></description>
										<content:encoded><![CDATA[
<p>热爱过去，憧憬未来<br>那些因极具逻辑说服力的思想而使人们信仰高尚品质的时代<br>那些因奇迹般的科技而让世人们对未来充满无限期待和崇拜的时代<br>都将让未来的时代，更像是会无限可能</p>
]]></content:encoded>
					
		
		
			</item>
		<item>
		<title>随笔 11</title>
		<link>./../../../../informal-11/index.html</link>
		
		<dc:creator><![CDATA[Mingyu Zhu]]></dc:creator>
		<pubDate>Fri, 12 Mar 2021 14:25:50 +0000</pubDate>
				<category><![CDATA[Chinese (中文)]]></category>
		<category><![CDATA[Creations (创作)]]></category>
		<category><![CDATA[Emotional Essays (感情类随笔)]]></category>
		<category><![CDATA[Informal Essays (随笔)]]></category>
		<guid isPermaLink="false">./../../../../index.html?p=13619</guid>

					<description><![CDATA[为给我勇气之人而勇敢……为给我指引之人而智慧……为给我希望之人而博爱……]]></description>
										<content:encoded><![CDATA[
<p>为给我勇气之人而勇敢……<br>为给我指引之人而智慧……<br>为给我希望之人而博爱……</p>
]]></content:encoded>
					
		
		
			</item>
		<item>
		<title>随笔 10</title>
		<link>./../../../../informal-10/index.html</link>
		
		<dc:creator><![CDATA[Mingyu Zhu]]></dc:creator>
		<pubDate>Sun, 14 Feb 2021 13:40:24 +0000</pubDate>
				<category><![CDATA[Chinese (中文)]]></category>
		<category><![CDATA[Creations (创作)]]></category>
		<category><![CDATA[Informal Essays (随笔)]]></category>
		<category><![CDATA[Summary Essays (总结类随笔)]]></category>
		<guid isPermaLink="false">./../../../../index.html?p=13540</guid>

					<description><![CDATA[人类曾因为各种原因，表现出了对同类的忠诚和自我牺牲。而在人类所有的忠诚和自我牺牲中，最为坚固的，莫过于，对此人人格魅力、优秀品质或出众能力的认可和崇敬，同时与此人拥有共同的人生目标和美好的理想，并愿意共同为这些目标和理想而努力。这一现象，会让爱情、友情、亲情以及普世的博爱变得无比牢固，任凭海枯石烂也屹立不倒。 所以，祝大家对他（她）人的忠诚，以及他（她）人对你的忠诚不仅仅是出于共同的经历和责任，还包括我以上所述的内容。既是指爱情，也是指友情，也是指亲情，也是指博爱……]]></description>
										<content:encoded><![CDATA[
<p>人类曾因为各种原因，表现出了对同类的忠诚和自我牺牲。而在人类所有的忠诚和自我牺牲中，最为坚固的，莫过于，对此人人格魅力、优秀品质或出众能力的认可和崇敬，同时与此人拥有共同的人生目标和美好的理想，并愿意共同为这些目标和理想而努力。这一现象，会让爱情、友情、亲情以及普世的博爱变得无比牢固，任凭海枯石烂也屹立不倒。</p>



<p>所以，祝大家对他（她）人的忠诚，以及他（她）人对你的忠诚不仅仅是出于共同的经历和责任，还包括我以上所述的内容。既是指爱情，也是指友情，也是指亲情，也是指博爱……</p>
]]></content:encoded>
					
		
		
			</item>
		<item>
		<title>随笔 9</title>
		<link>./../../../../informal-9/index.html</link>
		
		<dc:creator><![CDATA[Mingyu Zhu]]></dc:creator>
		<pubDate>Wed, 10 Feb 2021 11:51:30 +0000</pubDate>
				<category><![CDATA[Chinese (中文)]]></category>
		<category><![CDATA[Creations (创作)]]></category>
		<category><![CDATA[Emotional Essays (感情类随笔)]]></category>
		<category><![CDATA[Informal Essays (随笔)]]></category>
		<guid isPermaLink="false">./../../../../index.html?p=13512</guid>

					<description><![CDATA[银色的细雨敲打着充满叹息的大地起起伏伏的声线，努力表达着自己心中那份苦涩的温柔唯美的风景被交替的四季驱使， 无法坚持住自己最美丽的样子守望着那些看不见的星辰，那些消失了的宇宙。该以什么之名，幻想出一种怎样的梦境？不管是清晰还是模糊，不管是胸有成竹还是力不从心。诞生于这个世界的意义，应从当下开始去创造心中的启明星，会在静谧中，开始自己璀璨亦朦胧的闪耀]]></description>
										<content:encoded><![CDATA[
<p>银色的细雨敲打着充满叹息的大地<br>起起伏伏的声线，努力表达着自己心中那份苦涩的温柔<br>唯美的风景被交替的四季驱使， 无法坚持住自己最美丽的样子<br>守望着那些看不见的星辰，那些消失了的宇宙。该以什么之名，幻想出一种怎样的梦境？<br>不管是清晰还是模糊，不管是胸有成竹还是力不从心。诞生于这个世界的意义，应从当下开始去创造<br>心中的启明星，会在静谧中，开始自己璀璨亦朦胧的闪耀</p>
]]></content:encoded>
					
		
		
			</item>
		<item>
		<title>随笔 8</title>
		<link>./../../../../informal-8/index.html</link>
		
		<dc:creator><![CDATA[Mingyu Zhu]]></dc:creator>
		<pubDate>Thu, 12 Nov 2020 13:15:35 +0000</pubDate>
				<category><![CDATA[Chinese (中文)]]></category>
		<category><![CDATA[Creations (创作)]]></category>
		<category><![CDATA[Emotional Essays (感情类随笔)]]></category>
		<category><![CDATA[Informal Essays (随笔)]]></category>
		<guid isPermaLink="false">./../../../../index.html?p=11710</guid>

					<description><![CDATA[每个人都有自己的世界。梦幻般五彩的光芒，神秘幽暗的寂静，洞穿天地的深邃，令憎恨释怀的温柔。有些时候，就算冷风刺穿了皮肤上最后一层微薄的温暖，也还会继续孤独坚守在原处。守护着各自心中的正义，期盼着各自心中的英雄。但又曾想过，那样的英雄，他（她）又会有怎样的世界，他（她）又会一直守望着怎样的星辰，他（她）又会一直凝视着怎样的感动。]]></description>
										<content:encoded><![CDATA[
<p>每个人都有自己的世界。梦幻般五彩的光芒，神秘幽暗的寂静，洞穿天地的深邃，令憎恨释怀的温柔。有些时候，就算冷风刺穿了皮肤上最后一层微薄的温暖，也还会继续孤独坚守在原处。守护着各自心中的正义，期盼着各自心中的英雄。但又曾想过，那样的英雄，他（她）又会有怎样的世界，他（她）又会一直守望着怎样的星辰，他（她）又会一直凝视着怎样的感动。</p>
]]></content:encoded>
					
		
		
			</item>
		<item>
		<title>随笔 7</title>
		<link>./../../../../informal-7/index.html</link>
		
		<dc:creator><![CDATA[Mingyu Zhu]]></dc:creator>
		<pubDate>Fri, 23 Oct 2020 13:44:23 +0000</pubDate>
				<category><![CDATA[Chinese (中文)]]></category>
		<category><![CDATA[Creations (创作)]]></category>
		<category><![CDATA[Historical Essays (历史类随笔)]]></category>
		<category><![CDATA[Informal Essays (随笔)]]></category>
		<guid isPermaLink="false">./../../../../index.html?p=11595</guid>

					<description><![CDATA[从现代教育被发明以来，欧洲很多君主都清楚地意识到了教育的重要性。但在推行教育时，却又都遇到了严重的矛盾，君主的统治根基在于不平等地压迫。而让每个人都平等地接受教育，这似乎触犯了统治阶级的特权利益（至少表面上看是这样）。最终，不少君主在国民教育上的努力，变成了极少数贵族才能受益的精英教育。这些集中全部教育资源去服务所谓的优越阶级的国家，都慢慢输给了将全部教育资源尽可能分配给每一位公民的国家。]]></description>
										<content:encoded><![CDATA[
<p>从现代教育被发明以来，欧洲很多君主都清楚地意识到了教育的重要性。但在推行教育时，却又都遇到了严重的矛盾，君主的统治根基在于不平等地压迫。而让每个人都平等地接受教育，这似乎触犯了统治阶级的特权利益（至少表面上看是这样）。最终，不少君主在国民教育上的努力，变成了极少数贵族才能受益的精英教育。这些集中全部教育资源去服务所谓的优越阶级的国家，都慢慢输给了将全部教育资源尽可能分配给每一位公民的国家。</p>
]]></content:encoded>
					
		
		
			</item>
		<item>
		<title>随笔 6</title>
		<link>./../../../../informal-6/index.html</link>
		
		<dc:creator><![CDATA[Mingyu Zhu]]></dc:creator>
		<pubDate>Fri, 23 Oct 2020 13:34:43 +0000</pubDate>
				<category><![CDATA[Chinese (中文)]]></category>
		<category><![CDATA[Creations (创作)]]></category>
		<category><![CDATA[Informal Essays (随笔)]]></category>
		<category><![CDATA[Summary Essays (总结类随笔)]]></category>
		<guid isPermaLink="false">./../../../../index.html?p=11591</guid>

					<description><![CDATA[如果能够用睡前玩手机的时间，换成睡前看书的时间。那一年下来也能看完不少令人崇敬和感慨的人生。降生于世的意义，需要自己去谱写，而越是为了自己认为正确的事情而不妥协的人，越是可能创造传奇。愿我们的文明，能多诞生几位苏格拉底、柏拉图、亚里士多德，多诞生几位卢梭、孟德斯鸠、伏尔泰&#8230;&#8230;]]></description>
										<content:encoded><![CDATA[
<p>如果能够用睡前玩手机的时间，换成睡前看书的时间。那一年下来也能看完不少令人崇敬和感慨的人生。降生于世的意义，需要自己去谱写，而越是为了自己认为正确的事情而不妥协的人，越是可能创造传奇。愿我们的文明，能多诞生几位苏格拉底、柏拉图、亚里士多德，多诞生几位卢梭、孟德斯鸠、伏尔泰&#8230;&#8230;</p>
]]></content:encoded>
					
		
		
			</item>
		<item>
		<title>随笔 5</title>
		<link>./../../../../informal-5/index.html</link>
		
		<dc:creator><![CDATA[Mingyu Zhu]]></dc:creator>
		<pubDate>Fri, 23 Oct 2020 13:20:05 +0000</pubDate>
				<category><![CDATA[Chinese (中文)]]></category>
		<category><![CDATA[Creations (创作)]]></category>
		<category><![CDATA[Emotional Essays (感情类随笔)]]></category>
		<category><![CDATA[Informal Essays (随笔)]]></category>
		<guid isPermaLink="false">./../../../../index.html?p=11588</guid>

					<description><![CDATA[当秋风拂过脸颊时，那种温度，那种触碰，就像是一种虔诚的祈祷、一种温柔的祝福、一种伟大的启示，通过皮肤传达到内心，注入到灵魂中]]></description>
										<content:encoded><![CDATA[
<p>当秋风拂过脸颊时，那种温度，那种触碰，就像是一种虔诚的祈祷、一种温柔的祝福、一种伟大的启示，通过皮肤传达到内心，注入到灵魂中</p>
]]></content:encoded>
					
		
		
			</item>
		<item>
		<title>随笔 4</title>
		<link>./../../../../informal-4/index.html</link>
		
		<dc:creator><![CDATA[Mingyu Zhu]]></dc:creator>
		<pubDate>Fri, 06 Sep 2019 11:49:34 +0000</pubDate>
				<category><![CDATA[Chinese (中文)]]></category>
		<category><![CDATA[Creations (创作)]]></category>
		<category><![CDATA[Emotional Essays (感情类随笔)]]></category>
		<category><![CDATA[Informal Essays (随笔)]]></category>
		<guid isPermaLink="false">./../../../../index.html?p=5735</guid>

					<description><![CDATA[宇宙的光线变幻且永恒，宇宙的空间浩瀚亦深邃。尘埃中的尘埃，瞬息中的瞬息，这个世界仅是它的沧海一粒。时间的光轮旋转不停，生存、欲望、信仰，革命与和平的节拍交相呼应。一场场社会思潮的笔，勾勒着文明的形状，记录在历史的纸张里，时至今日已有太多的传奇变得无人问津。愿这个世界再也不需要圣女贞德，愿亚瑟王这样的人物能够永远沉睡，愿人们都能为生活而工作，愿他们的孩子们可以有一个好的成长环境。]]></description>
										<content:encoded><![CDATA[
<p>宇宙的光线变幻且永恒，宇宙的空间浩瀚亦深邃。尘埃中的尘埃，瞬息中的瞬息，这个世界仅是它的沧海一粒。时间的光轮旋转不停，生存、欲望、信仰，革命与和平的节拍交相呼应。一场场社会思潮的笔，勾勒着文明的形状，记录在历史的纸张里，时至今日已有太多的传奇变得无人问津。愿这个世界再也不需要圣女贞德，愿亚瑟王这样的人物能够永远沉睡，愿人们都能为生活而工作，愿他们的孩子们可以有一个好的成长环境。</p>
]]></content:encoded>
					
		
		
			</item>
		<item>
		<title>随笔 3</title>
		<link>./../../../../informal-3/index.html</link>
		
		<dc:creator><![CDATA[Mingyu Zhu]]></dc:creator>
		<pubDate>Sat, 04 May 2019 14:59:54 +0000</pubDate>
				<category><![CDATA[Chinese (中文)]]></category>
		<category><![CDATA[Creations (创作)]]></category>
		<category><![CDATA[Historical Essays (历史类随笔)]]></category>
		<category><![CDATA[Informal Essays (随笔)]]></category>
		<guid isPermaLink="false">./../../../../index.html?p=4646</guid>

					<description><![CDATA[倾听着缓慢熟悉的歌曲，优雅旋律的无意触碰，让心灵归于宁静。记忆中的梦境，历史中的幻影。被社会思潮不停重塑的文明，在人性矛盾不断自我辨证的激流中，被翻来覆去。朦胧的海市蜃楼给予人们美好的希望但也许暗藏杀机，星空的画面表面五彩艳丽但可能更为致命。人们最独一无二的灵魂，要多顽强才能始终保持住自我的鲜明。逆向而行扑向光明的李斯特，一路泥泞始终坚持这份独行。在凄冷混沌之夜与撒旦对话的尼采，拒绝命运的洪流在疯狂之中奋起反击。湮灭家园宁静的战争，点燃了圣女贞德稚嫩眼眸中的火焰，正是因为相互纠缠着的各种爱，人类才创造出了历史，让这位女孩去成为神话，让这位女孩追寻“自由的圣经”。]]></description>
										<content:encoded><![CDATA[
<p>倾听着缓慢熟悉的歌曲，优雅旋律的无意触碰，让心灵归于宁静。记忆中的梦境，历史中的幻影。被社会思潮不停重塑的文明，在人性矛盾不断自我辨证的激流中，被翻来覆去。朦胧的海市蜃楼给予人们美好的希望但也许暗藏杀机，星空的画面表面五彩艳丽但可能更为致命。人们最独一无二的灵魂，要多顽强才能始终保持住自我的鲜明。逆向而行扑向光明的李斯特，一路泥泞始终坚持这份独行。在凄冷混沌之夜与撒旦对话的尼采，拒绝命运的洪流在疯狂之中奋起反击。湮灭家园宁静的战争，点燃了圣女贞德稚嫩眼眸中的火焰，正是因为相互纠缠着的各种爱，人类才创造出了历史，让这位女孩去成为神话，让这位女孩追寻“自由的圣经”。</p>
]]></content:encoded>
					
		
		
			</item>
		<item>
		<title>随笔 2</title>
		<link>./../../../../informal-2/index.html</link>
		
		<dc:creator><![CDATA[Mingyu Zhu]]></dc:creator>
		<pubDate>Tue, 15 Jan 2019 15:04:17 +0000</pubDate>
				<category><![CDATA[Chinese (中文)]]></category>
		<category><![CDATA[Creations (创作)]]></category>
		<category><![CDATA[Historical Essays (历史类随笔)]]></category>
		<category><![CDATA[Informal Essays (随笔)]]></category>
		<guid isPermaLink="false">./../../../../index.html?p=1207</guid>

					<description><![CDATA[日本民治维新初期，虽然工业、商业、科技为日本带来了巨大的社会财富。但是日本社会的价值观，依旧是权力至上的官本位人治主义思想。此时，处于日本官场权力中心的涩泽荣一，为了彻底改变日本社会落后的价值观，选择了弃官从商，这一举动给日本社会的主流思想带来了巨大变动，让日本人的内心深处，产生了藐视权贵的启蒙。他似乎标志着，日本人治时代的结束，从此日本将踏入民主时代，主导社会方向的将不再是权力，而是科技和实干。而正式这两样东西，让日本成为了亚洲的例外，唯一一个跻身世界列强的非白种人国家。]]></description>
										<content:encoded><![CDATA[
<p>日本民治维新初期，虽然工业、商业、科技为日本带来了巨大的社会财富。但是日本社会的价值观，依旧是权力至上的官本位人治主义思想。此时，处于日本官场权力中心的涩泽荣一，为了彻底改变日本社会落后的价值观，选择了弃官从商，这一举动给日本社会的主流思想带来了巨大变动，让日本人的内心深处，产生了藐视权贵的启蒙。他似乎标志着，日本人治时代的结束，从此日本将踏入民主时代，主导社会方向的将不再是权力，而是科技和实干。而正式这两样东西，让日本成为了亚洲的例外，唯一一个跻身世界列强的非白种人国家。</p>
]]></content:encoded>
					
		
		
			</item>
		<item>
		<title>随笔 1</title>
		<link>./../../../../informal-1/index.html</link>
		
		<dc:creator><![CDATA[Mingyu Zhu]]></dc:creator>
		<pubDate>Mon, 07 Jan 2019 13:39:26 +0000</pubDate>
				<category><![CDATA[Chinese (中文)]]></category>
		<category><![CDATA[Creations (创作)]]></category>
		<category><![CDATA[Informal Essays (随笔)]]></category>
		<category><![CDATA[Summary Essays (总结类随笔)]]></category>
		<guid isPermaLink="false">./../../../../index.html?p=706</guid>

					<description><![CDATA[在历史中，人类的喜恶情绪，虽有规律可寻，但总是变幻无常，前后矛盾，难以捉摸，因此才产生了心理学、社会学、政治学……所以在文明的社会里，自己所掌握的知识、技术、经验，自己的修养、内涵，自己名下财产的价值，胜过别人的称赞或好感。也只有在自我进行综合竞争力提升的同时所获得的好感和认同，才具有价值，否则就只是一堆误导人的谎言…… 客官的价值在于认清现实，如果有人通过各种原因诱导他人失去了客观的眼光，就等于是剥夺了他一笔宝贵的财富……]]></description>
										<content:encoded><![CDATA[
<p>在历史中，人类的喜恶情绪，虽有规律可寻，但总是变幻无常，前后矛盾，难以捉摸，因此才产生了心理学、社会学、政治学……所以在文明的社会里，自己所掌握的知识、技术、经验，自己的修养、内涵，自己名下财产的价值，胜过别人的称赞或好感。也只有在自我进行综合竞争力提升的同时所获得的好感和认同，才具有价值，否则就只是一堆误导人的谎言……</p>



<p>客官的价值在于认清现实，如果有人通过各种原因诱导他人失去了客观的眼光，就等于是剥夺了他一笔宝贵的财富……</p>
]]></content:encoded>
					
		
		
			</item>
	</channel>
</rss>
