<?xml version="1.0" encoding="UTF-8"?><rss version="2.0"
	xmlns:content="http://purl.org/rss/1.0/modules/content/"
	xmlns:wfw="http://wellformedweb.org/CommentAPI/"
	xmlns:dc="http://purl.org/dc/elements/1.1/"
	xmlns:atom="http://www.w3.org/2005/Atom"
	xmlns:sy="http://purl.org/rss/1.0/modules/syndication/"
	xmlns:slash="http://purl.org/rss/1.0/modules/slash/"
	>

<channel>
	<title>Aristotle (亚里士多德) &#8211; Eternal Center</title>
	<atom:link href="./index.html" rel="self" type="application/rss+xml" />
	<link>./../../../../../../../index.html</link>
	<description></description>
	<lastBuildDate>Sat, 11 Jun 2022 15:03:06 +0000</lastBuildDate>
	<language>en-US</language>
	<sy:updatePeriod>
	hourly	</sy:updatePeriod>
	<sy:updateFrequency>
	1	</sy:updateFrequency>
	
	<item>
		<title>Aristotle (亚里士多德):</title>
		<link>./../../../../../../../aristotle-1/index.html</link>
		
		<dc:creator><![CDATA[Mingyu Zhu]]></dc:creator>
		<pubDate>Tue, 15 Jan 2019 15:19:20 +0000</pubDate>
				<category><![CDATA[Aristotle (亚里士多德)]]></category>
		<category><![CDATA[Chinese (中文)]]></category>
		<category><![CDATA[Classics (经典)]]></category>
		<category><![CDATA[English (英文)]]></category>
		<category><![CDATA[Famous Sayings (名言)]]></category>
		<category><![CDATA[Famous Sayings & Paragraphs (名言 & 段落)]]></category>
		<category><![CDATA[Thinkers (思想家)]]></category>
		<guid isPermaLink="false">./../../../../../../../index.html?p=1216</guid>

					<description><![CDATA[I have learned this through philosophy: I act out of self-consciousness, others act only because of fear of the law. 我通过哲学了解了这一点：我行事是出于自觉，他人行事只是因为害怕法律。]]></description>
										<content:encoded><![CDATA[
<p>I have learned this through philosophy: I act out of self-consciousness, others act only because of fear of the law.</p>



<p>我通过哲学了解了这一点：我行事是出于自觉，他人行事只是因为害怕法律。</p>
]]></content:encoded>
					
		
		
			</item>
	</channel>
</rss>
