<?xml version="1.0" encoding="UTF-8"?><rss version="2.0"
	xmlns:content="http://purl.org/rss/1.0/modules/content/"
	xmlns:wfw="http://wellformedweb.org/CommentAPI/"
	xmlns:dc="http://purl.org/dc/elements/1.1/"
	xmlns:atom="http://www.w3.org/2005/Atom"
	xmlns:sy="http://purl.org/rss/1.0/modules/syndication/"
	xmlns:slash="http://purl.org/rss/1.0/modules/slash/"
	>

<channel>
	<title>Emotional Essays (感情类随笔) &#8211; Eternal Center</title>
	<atom:link href="./index.html" rel="self" type="application/rss+xml" />
	<link>./../../../../../index.html</link>
	<description></description>
	<lastBuildDate>Sat, 09 Jul 2022 16:10:06 +0000</lastBuildDate>
	<language>en-US</language>
	<sy:updatePeriod>
	hourly	</sy:updatePeriod>
	<sy:updateFrequency>
	1	</sy:updateFrequency>
	
	<item>
		<title>随笔 17</title>
		<link>./../../../../../informal-17/index.html</link>
		
		<dc:creator><![CDATA[Mingyu Zhu]]></dc:creator>
		<pubDate>Tue, 28 Jun 2022 15:37:17 +0000</pubDate>
				<category><![CDATA[Chinese (中文)]]></category>
		<category><![CDATA[Creations (创作)]]></category>
		<category><![CDATA[Emotional Essays (感情类随笔)]]></category>
		<category><![CDATA[Informal Essays (随笔)]]></category>
		<guid isPermaLink="false">./../../../../../index.html?p=26228</guid>

					<description><![CDATA[如果，这个世界上有 “圣女贞德” 在祈求 “自由、平等、博爱”，那我肯定会去追随。如果这个世界上没有，那我会去成为 “亚瑟王”，亲自为这个世界独自立起 “自由、平等、博爱” 的旗帜。很多时候，就和 《美国队长 2》 里的台词一样：“就算只有我一个人也没有关系，但我相信绝对不会只有我一个”]]></description>
										<content:encoded><![CDATA[
<p>如果，这个世界上有 “圣女贞德” 在祈求 “自由、平等、博爱”，那我肯定会去追随。如果这个世界上没有，那我会去成为 “亚瑟王”，亲自为这个世界独自立起 “自由、平等、博爱” 的旗帜。很多时候，就和 《美国队长 2》 里的台词一样：“就算只有我一个人也没有关系，但我相信绝对不会只有我一个”</p>
]]></content:encoded>
					
		
		
			</item>
		<item>
		<title>随笔 16</title>
		<link>./../../../../../informal-16/index.html</link>
		
		<dc:creator><![CDATA[Mingyu Zhu]]></dc:creator>
		<pubDate>Sun, 05 Jun 2022 16:39:02 +0000</pubDate>
				<category><![CDATA[Chinese (中文)]]></category>
		<category><![CDATA[Creations (创作)]]></category>
		<category><![CDATA[Emotional Essays (感情类随笔)]]></category>
		<category><![CDATA[Informal Essays (随笔)]]></category>
		<guid isPermaLink="false">./../../../../../index.html?p=23698</guid>

					<description><![CDATA[这片天空，这份宁静，这个时代。总有些什么值得去坚持，总有些什么需要马上杜绝。感觉自己在守望的，是时间和空间：在大洋的彼岸，法国启蒙运动的自由、平等、博爱闪耀在新大陆，而顺着丝绸之路一直西望到尽头，是曾经的欧洲民族，在德国三十年战争中融合交融。培根在平静之中学会了洞察，又在洞察之中学会了思索。而甘地在暴力之中学会了平静，又在平静之中学会了成功]]></description>
										<content:encoded><![CDATA[
<p>这片天空，这份宁静，这个时代。总有些什么值得去坚持，总有些什么需要马上杜绝。感觉自己在守望的，是时间和空间：在大洋的彼岸，法国启蒙运动的自由、平等、博爱闪耀在新大陆，而顺着丝绸之路一直西望到尽头，是曾经的欧洲民族，在德国三十年战争中融合交融。培根在平静之中学会了洞察，又在洞察之中学会了思索。而甘地在暴力之中学会了平静，又在平静之中学会了成功</p>
]]></content:encoded>
					
		
		
			</item>
		<item>
		<title>随笔 11</title>
		<link>./../../../../../informal-11/index.html</link>
		
		<dc:creator><![CDATA[Mingyu Zhu]]></dc:creator>
		<pubDate>Fri, 12 Mar 2021 14:25:50 +0000</pubDate>
				<category><![CDATA[Chinese (中文)]]></category>
		<category><![CDATA[Creations (创作)]]></category>
		<category><![CDATA[Emotional Essays (感情类随笔)]]></category>
		<category><![CDATA[Informal Essays (随笔)]]></category>
		<guid isPermaLink="false">./../../../../../index.html?p=13619</guid>

					<description><![CDATA[为给我勇气之人而勇敢……为给我指引之人而智慧……为给我希望之人而博爱……]]></description>
										<content:encoded><![CDATA[
<p>为给我勇气之人而勇敢……<br>为给我指引之人而智慧……<br>为给我希望之人而博爱……</p>
]]></content:encoded>
					
		
		
			</item>
		<item>
		<title>随笔 9</title>
		<link>./../../../../../informal-9/index.html</link>
		
		<dc:creator><![CDATA[Mingyu Zhu]]></dc:creator>
		<pubDate>Wed, 10 Feb 2021 11:51:30 +0000</pubDate>
				<category><![CDATA[Chinese (中文)]]></category>
		<category><![CDATA[Creations (创作)]]></category>
		<category><![CDATA[Emotional Essays (感情类随笔)]]></category>
		<category><![CDATA[Informal Essays (随笔)]]></category>
		<guid isPermaLink="false">./../../../../../index.html?p=13512</guid>

					<description><![CDATA[银色的细雨敲打着充满叹息的大地起起伏伏的声线，努力表达着自己心中那份苦涩的温柔唯美的风景被交替的四季驱使， 无法坚持住自己最美丽的样子守望着那些看不见的星辰，那些消失了的宇宙。该以什么之名，幻想出一种怎样的梦境？不管是清晰还是模糊，不管是胸有成竹还是力不从心。诞生于这个世界的意义，应从当下开始去创造心中的启明星，会在静谧中，开始自己璀璨亦朦胧的闪耀]]></description>
										<content:encoded><![CDATA[
<p>银色的细雨敲打着充满叹息的大地<br>起起伏伏的声线，努力表达着自己心中那份苦涩的温柔<br>唯美的风景被交替的四季驱使， 无法坚持住自己最美丽的样子<br>守望着那些看不见的星辰，那些消失了的宇宙。该以什么之名，幻想出一种怎样的梦境？<br>不管是清晰还是模糊，不管是胸有成竹还是力不从心。诞生于这个世界的意义，应从当下开始去创造<br>心中的启明星，会在静谧中，开始自己璀璨亦朦胧的闪耀</p>
]]></content:encoded>
					
		
		
			</item>
		<item>
		<title>随笔 8</title>
		<link>./../../../../../informal-8/index.html</link>
		
		<dc:creator><![CDATA[Mingyu Zhu]]></dc:creator>
		<pubDate>Thu, 12 Nov 2020 13:15:35 +0000</pubDate>
				<category><![CDATA[Chinese (中文)]]></category>
		<category><![CDATA[Creations (创作)]]></category>
		<category><![CDATA[Emotional Essays (感情类随笔)]]></category>
		<category><![CDATA[Informal Essays (随笔)]]></category>
		<guid isPermaLink="false">./../../../../../index.html?p=11710</guid>

					<description><![CDATA[每个人都有自己的世界。梦幻般五彩的光芒，神秘幽暗的寂静，洞穿天地的深邃，令憎恨释怀的温柔。有些时候，就算冷风刺穿了皮肤上最后一层微薄的温暖，也还会继续孤独坚守在原处。守护着各自心中的正义，期盼着各自心中的英雄。但又曾想过，那样的英雄，他（她）又会有怎样的世界，他（她）又会一直守望着怎样的星辰，他（她）又会一直凝视着怎样的感动。]]></description>
										<content:encoded><![CDATA[
<p>每个人都有自己的世界。梦幻般五彩的光芒，神秘幽暗的寂静，洞穿天地的深邃，令憎恨释怀的温柔。有些时候，就算冷风刺穿了皮肤上最后一层微薄的温暖，也还会继续孤独坚守在原处。守护着各自心中的正义，期盼着各自心中的英雄。但又曾想过，那样的英雄，他（她）又会有怎样的世界，他（她）又会一直守望着怎样的星辰，他（她）又会一直凝视着怎样的感动。</p>
]]></content:encoded>
					
		
		
			</item>
		<item>
		<title>随笔 5</title>
		<link>./../../../../../informal-5/index.html</link>
		
		<dc:creator><![CDATA[Mingyu Zhu]]></dc:creator>
		<pubDate>Fri, 23 Oct 2020 13:20:05 +0000</pubDate>
				<category><![CDATA[Chinese (中文)]]></category>
		<category><![CDATA[Creations (创作)]]></category>
		<category><![CDATA[Emotional Essays (感情类随笔)]]></category>
		<category><![CDATA[Informal Essays (随笔)]]></category>
		<guid isPermaLink="false">./../../../../../index.html?p=11588</guid>

					<description><![CDATA[当秋风拂过脸颊时，那种温度，那种触碰，就像是一种虔诚的祈祷、一种温柔的祝福、一种伟大的启示，通过皮肤传达到内心，注入到灵魂中]]></description>
										<content:encoded><![CDATA[
<p>当秋风拂过脸颊时，那种温度，那种触碰，就像是一种虔诚的祈祷、一种温柔的祝福、一种伟大的启示，通过皮肤传达到内心，注入到灵魂中</p>
]]></content:encoded>
					
		
		
			</item>
		<item>
		<title>随笔 4</title>
		<link>./../../../../../informal-4/index.html</link>
		
		<dc:creator><![CDATA[Mingyu Zhu]]></dc:creator>
		<pubDate>Fri, 06 Sep 2019 11:49:34 +0000</pubDate>
				<category><![CDATA[Chinese (中文)]]></category>
		<category><![CDATA[Creations (创作)]]></category>
		<category><![CDATA[Emotional Essays (感情类随笔)]]></category>
		<category><![CDATA[Informal Essays (随笔)]]></category>
		<guid isPermaLink="false">./../../../../../index.html?p=5735</guid>

					<description><![CDATA[宇宙的光线变幻且永恒，宇宙的空间浩瀚亦深邃。尘埃中的尘埃，瞬息中的瞬息，这个世界仅是它的沧海一粒。时间的光轮旋转不停，生存、欲望、信仰，革命与和平的节拍交相呼应。一场场社会思潮的笔，勾勒着文明的形状，记录在历史的纸张里，时至今日已有太多的传奇变得无人问津。愿这个世界再也不需要圣女贞德，愿亚瑟王这样的人物能够永远沉睡，愿人们都能为生活而工作，愿他们的孩子们可以有一个好的成长环境。]]></description>
										<content:encoded><![CDATA[
<p>宇宙的光线变幻且永恒，宇宙的空间浩瀚亦深邃。尘埃中的尘埃，瞬息中的瞬息，这个世界仅是它的沧海一粒。时间的光轮旋转不停，生存、欲望、信仰，革命与和平的节拍交相呼应。一场场社会思潮的笔，勾勒着文明的形状，记录在历史的纸张里，时至今日已有太多的传奇变得无人问津。愿这个世界再也不需要圣女贞德，愿亚瑟王这样的人物能够永远沉睡，愿人们都能为生活而工作，愿他们的孩子们可以有一个好的成长环境。</p>
]]></content:encoded>
					
		
		
			</item>
	</channel>
</rss>
